,title,magnitude,date_time,cdi,mmi,tsunami,sig,net,nst,dmin,gap,magType,depth,latitude,longitude,country
0,"M 7.0 - 18 km SW of Malango, Solomon Islands",7.0,22-11-2022 02:03,8,7,1,768,us,117,0.509,17.0,mww,14.0,-9.7963,159.596,Solomon Islands
2,M 7.0 - ,7.0,12-11-2022 07:09,3,3,1,755,us,147,3.125,18.0,mww,579.0,-20.0508,-178.346,Fiji
7,"M 6.7 - 60 km SSW of Boca Chica, Panama",6.7,20-10-2022 11:57,7,6,1,797,us,145,1.151,37.0,mww,20.0,7.6712,-82.3396,Panama
8,"M 6.8 - 55 km SSW of Aguililla, Mexico",6.8,22-09-2022 06:16,8,7,1,1179,us,175,2.137,92.0,mww,20.0,18.33,-102.913,Mexico
9,"M 7.6 - 35 km SSW of Aguililla, Mexico",7.6,19-09-2022 18:05,9,8,1,1799,us,271,1.153,69.0,mww,26.943,18.3667,-103.252,Mexico
10,"M 6.9 - 90 km E of Yujing, Taiwan",6.9,18-09-2022 06:44,9,9,1,887,us,215,0.401,34.0,mww,10.0,23.1444,121.307,Taiwan
11,"M 6.5 - 96 km SE of Lugu, Taiwan",6.5,17-09-2022 13:41,7,7,1,756,us,178,0.43,54.0,mww,10.0,23.029,121.348,Taiwan
13,"M 7.6 - 70 km E of Kainantu, Papua New Guinea",7.6,10-09-2022 23:47,8,8,1,965,us,272,3.158,12.0,mww,116.0,-6.2237,146.471,Papua New Guinea
14,"M 6.6 - 44 km SE of Kangding, China",6.6,05-09-2022 04:52,9,8,0,1043,us,141,8.454,34.0,mww,12.0,29.7263,102.279,People's Republic of China
16,"M 7.0 - 11 km NE of Bantay, Philippines",7.0,27-07-2022 00:43,9,8,1,1351,us,152,5.276,22.0,mww,33.729,17.5978,120.809,Philippines
17,"M 6.5 - 107 km SSW of Tarauacá, Brazil",6.5,08-06-2022 00:55,3,2,0,653,us,236,1.999,31.0,mww,622.73,-9.0618,-71.1647,Brazil
18,"M 7.2 - 10 km W of Azángaro, Peru",7.2,26-05-2022 12:02,7,5,1,876,us,144,2.494,40.0,mww,236.0,-14.8628,-70.3081,Peru
20,"M 6.8 - 86 km NNW of San Antonio de los Cobres, Argentina",6.8,10-05-2022 23:06,6,5,1,762,us,162,1.505,30.0,mww,220.0,-23.6141,-66.7236,Argentina
24,"M 6.7 - 65 km S of Hualien City, Taiwan",6.7,22-03-2022 17:41,8,7,1,806,us,0,0.289,32.0,mww,24.0,23.3421,121.636,Taiwan
26,"M 6.7 - 166 km W of Pariaman, Indonesia",6.7,13-03-2022 21:09,9,6,0,708,us,0,2.188,43.0,mww,28.0,-0.6831,98.6034,Indonesia
29,"M 6.5 - 49 km NW of Barranca, Peru",6.5,03-02-2022 15:58,8,6,0,690,us,0,3.026,22.0,mww,110.0,-4.455,-76.9395,Peru
31,"M 6.6 - 80 km SW of Labuan, Indonesia",6.6,14-01-2022 09:05,8,6,0,785,us,0,2.418,22.0,mww,33.0,-6.9291,105.251,Indonesia
39,"M 6.6 - northern Qinghai, China",6.6,07-01-2022 17:45,9,8,0,1012,us,0,2.685,13.0,mww,13.0,37.8167,101.299,People's Republic of China
40,"M 7.3 - 125 km NNE of Lospalos, Timor Leste",7.3,29-12-2021 18:25,8,7,0,921,us,0,3.713,19.0,mww,165.49,-7.5924,127.581,Indonesia
41,M 7.3 - Flores Sea,7.3,14-12-2021 03:20,9,5,1,854,us,0,1.025,32.0,mww,14.27,-7.6033,122.2,Indonesia
42,"M 7.5 - 43 km NNW of Barranca, Peru",7.5,28-11-2021 10:52,8,8,1,1094,us,0,4.951,40.0,mww,126.0,-4.4898,-76.8461,Peru
44,"M 6.9 - 112 km E of Chignik, Alaska",6.9,11-10-2021 09:10,8,6,1,995,ak,0,0.0,0.0,mww,51.6,56.2581,-156.492,United States of America
48,"M 7.0 - Acapulco, Mexico",7.0,08-09-2021 01:47,8,8,1,2504,us,0,0.07,43.0,mww,20.0,16.9502,-99.7877,Mexico
49,M 7.1 - South Sandwich Islands region,7.1,22-08-2021 21:33,1,4,1,776,us,0,9.799,32.0,mww,6.0,-60.3026,-24.9992,Antarctica
50,M 6.6 - South Sandwich Islands region,6.6,22-08-2021 00:45,1,3,1,670,us,0,8.865,19.0,mww,7.0,-60.1023,-24.4608,Antarctica
51,"M 6.9 - 17 km N of Port-Olry, Vanuatu",6.9,18-08-2021 10:10,8,7,1,741,us,0,0.579,54.0,mww,93.0,-14.892,167.085,Vanuatu
53,"M 7.2 - Nippes, Haiti",7.2,14-08-2021 12:29,9,8,1,2331,us,0,1.178,23.0,mww,10.0,18.3521,-73.4804,Haiti
61,"M 6.7 - 15 km S of Hukay, Philippines",6.7,23-07-2021 20:48,8,5,1,935,us,0,8.139,12.0,mww,110.0,13.6989,120.713,Philippines
65,"M 7.3 - Southern Qinghai, China",7.3,21-05-2021 18:04,9,9,0,1025,us,0,4.655,9.0,mww,10.0,34.5861,98.2551,People's Republic of China
68,M 6.9 - ,6.9,01-05-2021 01:27,7,6,1,919,us,0,2.619,35.0,mww,43.0,38.2296,141.665,Japan
71,"M 7.0 - 30 km E of Ishinomaki, Japan",7.0,20-03-2021 09:09,7,7,1,1052,us,0,2.378,35.0,mww,43.0,38.4752,141.607,Japan
79,M 6.9 - South Shetland Islands,6.9,23-01-2021 23:36,9,5,1,739,us,0,1.55,16.0,mww,15.0,-61.8484,-55.559,Antarctica
81,"M 6.7 - 29 km SSW of Turt, Mongolia",6.7,11-01-2021 21:32,8,8,0,776,us,0,2.043,22.0,mww,10.0,51.2407,100.443,Mongolia
83,"M 7.0 - 13 km NNE of Néon Karlovásion, Greece",7.0,30-10-2020 11:51,8,7,0,1527,us,0,1.518,18.0,mww,21.0,37.8973,26.7953,Greece
84,"M 7.6 - 99 km SE of Sand Point, Alaska",7.6,19-10-2020 20:54,9,7,1,1165,us,0,0.23,36.0,mww,28.37,54.662,-159.675,United States of America
87,"M 6.8 - 86 km NW of Vallenar, Chile",6.8,01-09-2020 04:09,6,7,1,824,us,0,0.312,69.0,mww,21.0,-28.013,-71.1958,Chile
89,"M 6.9 - 222 km SSE of Katabu, Indonesia",6.9,21-08-2020 04:09,4,3,0,749,us,0,2.267,20.0,mww,624.0,-6.6704,123.493,Indonesia
90,"M 6.9 - 122 km WSW of Bengkulu, Indonesia",6.9,18-08-2020 22:29,4,4,0,735,us,0,1.716,25.0,mww,26.0,-4.2791,101.215,Indonesia
91,"M 6.8 - 138 km WSW of Bengkulu, Indonesia",6.8,18-08-2020 22:23,5,4,0,716,us,0,1.816,34.0,mww,22.0,-4.3724,101.095,Indonesia
92,"M 6.6 - 13 km E of San Pedro, Philippines",6.6,18-08-2020 00:03,9,8,1,784,us,0,5.128,14.0,mww,10.0,12.0065,124.13,Philippines
94,"M 7.0 - 114 km NNW of Popondetta, Papua New Guinea",7.0,17-07-2020 02:50,6,7,1,820,us,0,1.671,18.0,mww,73.0,-7.847,147.755,Papua New Guinea
95,"M 6.6 - 97 km N of Batang, Indonesia",6.6,06-07-2020 22:54,4,2,0,684,us,0,1.458,14.0,mww,533.76,-5.6368,110.678,Indonesia
96,"M 7.4 - 9 km SE of Santa María Xadani, Mexico",7.4,23-06-2020 15:29,8,8,1,1494,us,0,0.151,30.0,mww,20.0,15.9163,-95.9533,Mexico
99,"M 6.8 - 48 km SW of San Pedro de Atacama, Chile",6.8,03-06-2020 07:35,6,6,1,835,us,0,1.164,21.0,mww,112.0,-23.2966,-68.4204,Chile
100,"M 6.5 - Monte Cristo Range, NV Earthquake",6.5,15-05-2020 11:03,7,8,0,1320,nn,27,0.357,55.79,ml,2.7,38.1689,-117.85,United States of America
102,M 6.8 - Banda Sea,6.8,06-05-2020 13:53,4,6,0,738,us,0,1.921,16.0,mww,96.0,-6.7762,129.785,Indonesia
104,"M 6.5 - Stanley, Idaho",6.5,31-03-2020 23:52,8,8,0,1410,us,0,0.885,31.0,mww,12.06,44.4646,-115.118,United States of America
106,"M 7.0 - 95 km ENE of Kuril’sk, Russia",7.0,13-02-2020 10:33,5,6,1,770,us,0,4.501,25.0,mww,143.0,45.6161,148.959,Russia
108,"M 6.7 - 13 km N of Do?anyol, Turkey",6.7,24-01-2020 17:55,8,9,0,1247,us,0,0.87,49.0,mww,10.0,38.4312,39.0609,Turkey
109,"M 6.8 - 7 km S of Magsaysay, Philippines",6.8,15-12-2019 06:11,9,7,1,825,us,0,0.546,39.0,mww,18.0,6.6969,125.174,Philippines
110,"M 7.1 - 138km E of Bitung, Indonesia",7.1,14-11-2019 16:17,6,6,1,799,us,0,1.271,11.0,mww,33.0,1.6213,126.416,Indonesia
113,"M 6.5 - 2km ESE of Kisante, Philippines",6.5,31-10-2019 01:11,9,7,1,733,us,0,0.428,19.0,mww,10.0,6.9098,125.178,Philippines
114,"M 6.6 - 10 km NE of Columbio, Philippines",6.6,29-10-2019 01:04,9,7,1,780,us,0,0.646,24.0,mww,15.0,6.7567,125.008,Philippines
116,"M 6.5 - 11km S of Kairatu, Indonesia",6.5,25-09-2019 23:46,7,7,1,656,us,0,3.909,15.0,mww,12.26,-3.4528,128.37,Indonesia
117,"M 6.6 - 34km NNE of Ndoi Island, Fiji",6.6,01-09-2019 15:54,2,3,1,671,us,0,4.121,19.0,mww,591.0,-20.3641,-178.57,Fiji
118,"M 6.6 - 131km S of Bristol Island, South Sandwich Islands",6.6,27-08-2019 23:55,0,4,1,670,us,0,12.896,19.0,mww,16.0,-60.2152,-26.5801,United Kingdom of Great Britain and Northern Ireland (the)
121,"M 6.6 - 62km E of Lakatoro, Vanuatu",6.6,31-07-2019 15:02,0,4,1,670,us,0,6.024,30.0,mww,181.0,-16.1985,167.998,Vanuatu
122,"M 7.2 - 93km NNE of Laiwui, Indonesia",7.2,14-07-2019 09:10,7,7,1,809,us,0,1.504,38.0,mww,18.98,-0.5858,128.034,Indonesia
124,"M 6.9 - 134km WSW of Kota Ternate, Indonesia",6.9,07-07-2019 15:08,7,5,0,747,us,0,1.205,21.0,mww,35.0,0.5126,126.189,Indonesia
125,"M 7.1 - 18km W of Searles Valley, CA",7.1,06-07-2019 03:19,9,9,0,1646,ci,77,0.04616,43.0,mw,8.0,35.7695,-117.599,United States of America
126,"M 7.3 - 292km NW of Saumlaki, Indonesia",7.3,24-06-2019 02:53,4,6,1,952,us,0,2.629,16.0,mww,212.0,-6.4078,129.169,Indonesia
129,"M 8.0 - 78 km NE of Navarro, Peru",8.0,26-05-2019 07:41,9,8,1,1890,us,0,3.18,17.0,mww,122.57,-5.8119,-75.2697,Peru
130,"M 7.6 - 46km SSE of Namatanai, Papua New Guinea",7.6,14-05-2019 12:58,7,7,1,929,us,0,0.453,16.0,mww,10.0,-4.051,152.597,Papua New Guinea
131,"M 7.1 - 33km NW of Bulolo, Papua New Guinea",7.1,06-05-2019 21:19,7,6,1,826,us,0,2.514,16.0,mww,146.0,-6.9746,146.449,Papua New Guinea
132,"M 6.8 - 98km SSW of Luwuk, Indonesia",6.8,12-04-2019 11:40,5,6,1,717,us,0,0.791,28.0,mww,15.46,-1.8146,122.58,Indonesia
134,"M 7.0 - 22 km NNE of Azángaro, Peru",7.0,01-03-2019 08:50,7,4,1,869,us,0,2.501,42.0,mww,267.0,-14.7131,-70.1546,Peru
135,"M 7.5 - 111km ESE of Palora, Ecuador",7.5,22-02-2019 10:17,7,7,1,1145,us,0,2.045,15.0,mww,145.0,-2.1862,-77.0505,Ecuador
136,"M 6.7 - 5 km SW of Puerto Madero, Mexico",6.7,01-02-2019 16:14,6,6,1,909,us,0,0.289,43.0,mww,66.0,14.6802,-92.4527,Mexico
138,"M 6.7 - 10 km SSW of Coquimbo, Chile",6.7,20-01-2019 01:32,8,8,1,1600,us,0,0.173,22.0,mww,63.0,-30.0404,-71.3815,Chile
139,"M 6.6 - 94 km NW of Sola, Vanuatu",6.6,15-01-2019 18:06,5,4,1,671,us,0,7.818,18.0,mww,35.0,-13.336,166.875,Vanuatu
140,M 6.6 - Molucca Sea,6.6,06-01-2019 17:27,2,4,1,672,us,0,1.596,33.0,mww,43.21,2.258,126.758,Indonesia
141,"M 6.8 - 90km W of Tarauaca, Brazil",6.8,05-01-2019 19:25,3,3,0,715,us,0,1.181,16.0,mww,570.41,-8.144,-71.587,Brazil
144,M 7.1 - South Sandwich Islands region,7.1,11-12-2018 02:26,0,5,1,776,us,0,7.043,20.0,mww,133.0,-58.5446,-26.3856,South Georgia and the South Sandwich Islands
147,"M 7.1 - 1 km SE of Point MacKenzie, Alaska",7.1,30-11-2018 17:29,8,8,1,1790,ak,0,0.0,0.0,mw,46.7,61.3464,-149.955,United States of America
148,"M 6.8 - 187 km E of Levuka, Fiji",6.8,18-11-2018 20:25,0,3,1,711,us,0,2.879,39.0,mww,540.0,-17.8735,-178.927,Fiji
157,"M 7.0 - 119 km E of Kimbe, Papua New Guinea",7.0,10-10-2018 20:48,6,6,1,758,us,0,1.778,18.0,mww,39.0,-5.7012,151.205,Papua New Guinea
158,"M 6.7 - 279 km E of Levuka, Fiji",6.7,30-09-2018 10:52,2,3,1,691,us,0,3.745,23.0,mww,550.0,-18.3604,-178.063,Fiji
159,"M 7.5 - 72 km N of Palu, Indonesia",7.5,28-09-2018 10:02,8,8,0,2026,us,0,1.649,13.0,mww,20.0,-0.2559,119.846,Indonesia
162,"M 6.5 - 66 km NW of Kirakira, Solomon Islands",6.5,09-09-2018 19:31,3,6,1,651,us,0,1.638,25.0,mww,68.0,-10.0207,161.503,Solomon Islands
163,"M 7.9 - 45 km S of Levuka, Fiji",7.9,06-09-2018 15:49,7,4,1,979,us,0,1.431,12.0,mww,670.81,-18.4743,179.35,Fiji
164,"M 6.6 - 27 km ESE of Chitose, Japan",6.6,05-09-2018 18:07,8,9,1,1075,us,0,1.13,32.0,mww,35.0,42.6861,141.929,Japan
166,"M 7.1 - 136 km W of Iñapari, Peru",7.1,24-08-2018 09:04,0,3,0,776,us,0,3.77,12.0,mww,630.0,-11.0355,-70.8284,Peru
167,"M 6.5 - 78 km E of Lakatoro, Vanuatu",6.5,21-08-2018 22:32,6,7,1,652,us,0,4.797,10.0,mww,9.0,-16.0315,168.143,Vanuatu
168,"M 7.3 - 40 km ENE of Carúpano, Venezuela",7.3,21-08-2018 21:31,8,6,1,1570,us,0,1.822,15.0,mww,146.82,10.7731,-62.9019,Venezuela
169,"M 6.9 - 20 km NNW of Labuan Lombok, Indonesia",6.9,19-08-2018 14:56,7,7,0,1206,us,0,2.453,31.0,mww,21.0,-8.319,116.627,Indonesia
170,"M 8.2 - 267 km E of Levuka, Fiji",8.2,19-08-2018 00:19,5,4,1,1050,us,0,3.63,13.0,mww,600.0,-18.1125,-178.153,Fiji
171,"M 6.5 - 124 km N of Labuan Bajo, Indonesia",6.5,17-08-2018 15:35,5,3,0,743,us,0,2.719,23.0,mww,529.0,-7.3718,119.802,Indonesia
172,"M 6.5 - 108 km WSW of Adak, Alaska",6.5,15-08-2018 21:56,6,6,1,655,us,0,0.576,22.0,mww,33.93,51.4234,-178.026,United States of America
173,"M 6.9 - 36 km NW of Labuan Lombok, Indonesia",6.9,05-08-2018 11:46,9,8,0,1704,us,0,2.271,15.0,mww,34.0,-8.2581,116.438,Indonesia
174,"M 6.9 - 18 km SSW of Leilani Estates, Hawaii",6.9,04-05-2018 22:32,7,8,1,1392,hv,63,0.11,210.0,mw,5.81,19.3182,-155.0,United States of America
175,"M 6.8 - 38 km SE of Boyuibe, Bolivia",6.8,02-04-2018 13:40,5,3,0,733,us,0,5.32,16.0,mww,559.0,-20.6588,-63.0058,Bolivia
176,"M 6.9 - 150 km E of Kimbe, Papua New Guinea",6.9,29-03-2018 21:25,9,6,1,741,us,0,1.487,18.0,mww,35.0,-5.5321,151.5,Papua New Guinea
177,"M 6.7 - 140 km E of Kimbe, Papua New Guinea",6.7,26-03-2018 09:51,5,6,1,696,us,0,1.507,15.0,mww,40.0,-5.5024,151.402,Papua New Guinea
178,"M 6.8 - 103 km E of Kokopo, Papua New Guinea",6.8,08-03-2018 17:39,6,6,1,719,us,0,1.049,16.0,mww,22.86,-4.3762,153.2,Papua New Guinea
179,"M 6.7 - 62 km SW of Tari, Papua New Guinea",6.7,06-03-2018 14:13,8,7,1,697,us,0,5.457,19.0,mww,20.49,-6.3043,142.612,Papua New Guinea
180,"M 7.5 - 32 km SW of Tari, Papua New Guinea",7.5,25-02-2018 17:44,9,8,1,943,us,0,5.48,17.0,mww,25.21,-6.0699,142.754,Papua New Guinea
181,"M 7.2 - 4 km S of Pinotepa de Don Luis, Mexico",7.2,16-02-2018 23:39,7,7,1,1384,us,0,0.142,82.0,mww,22.0,16.3855,-97.9787,Mexico
183,"M 7.1 - 37 km W of Atiquipa, Peru",7.1,14-01-2018 09:18,9,7,1,1075,us,0,4.29,23.0,mww,39.0,-15.7675,-74.7092,Peru
185,"M 6.5 - 12 km SSW of Kawalu, Indonesia",6.5,15-12-2017 16:47,8,7,0,998,us,0,2.365,28.0,mww,90.0,-7.4921,108.174,Indonesia
189,"M 6.5 - 18 km W of Parrita, Costa Rica",6.5,13-11-2017 02:28,8,8,1,1153,us,0,0.225,37.0,mww,19.36,9.5147,-84.4865,Costa Rica
190,"M 7.3 - 29 km S of ?alabja, Iraq",7.3,12-11-2017 18:18,8,9,0,2790,us,0,0.284,33.0,mww,19.0,34.9109,45.9592,Iran
191,"M 6.5 - 67 km WSW of Angoram, Papua New Guinea",6.5,07-11-2017 21:26,6,5,1,661,us,0,4.449,10.0,mww,110.57,-4.2433,143.485,Papua New Guinea
195,"M 6.7 - 181 km NNE of Maumere, Indonesia",6.7,24-10-2017 10:47,3,3,0,694,us,0,1.634,16.0,mww,553.81,-7.2168,123.074,Indonesia
197,"M 7.1 - 1 km S of Matzaco, Mexico",7.1,19-09-2017 18:14,9,8,0,1686,us,0,0.984,23.0,mww,48.0,18.5499,-98.4887,Mexico
199,"M 6.5 - 168 km SW of Mawu, China",6.5,08-08-2017 13:19,5,7,0,707,us,0,11.411,22.0,mww,9.0,33.1926,103.855,People's Republic of China
200,"M 6.6 - 11 km ENE of Kos, Greece",6.6,20-07-2017 22:31,7,7,0,1064,us,0,0.913,16.0,mww,7.0,36.9293,27.4139,Turkey
203,"M 6.5 - 2 km S of Lim-oo, Philippines",6.5,06-07-2017 08:03,9,8,1,740,us,0,4.139,30.0,mww,9.0,11.1269,124.629,Philippines
205,"M 6.9 - 2 km SSW of San Pablo, Guatemala",6.9,14-06-2017 07:29,8,6,1,1188,us,0,0.247,35.0,mww,93.0,14.9091,-92.0092,Guatemala
207,"M 6.6 - 37 km WNW of Poso, Indonesia",6.6,29-05-2017 14:35,7,7,0,678,us,0,2.353,18.0,mww,12.0,-1.2923,120.431,Indonesia
209,"M 6.8 - 59 km NNE of Port-Olry, Vanuatu",6.8,09-05-2017 13:52,6,5,1,713,us,0,7.495,19.0,mww,169.0,-14.5884,167.377,Vanuatu
210,"M 6.9 - 31 km SW of Burias, Philippines",6.9,28-04-2017 20:23,9,6,1,814,us,0,1.636,14.0,mww,26.0,5.5043,125.066,Philippines
212,"M 6.5 - 132 km WSW of Moijabana, Botswana",6.5,03-04-2017 17:40,7,8,0,1297,us,0,2.36,15.0,mww,29.0,-22.6784,25.1558,Botswana
213,"M 6.6 - 81 km NNE of Ust’-Kamchatsk Staryy, Russia",6.6,29-03-2017 04:09,6,7,1,671,us,0,4.591,14.0,mww,17.0,56.9401,162.786,Russia
215,"M 6.5 - 41 km E of Padilla, Bolivia",6.5,21-02-2017 14:09,3,3,0,653,us,0,4.242,14.0,mww,595.98,-19.2814,-63.9047,Bolivia
216,"M 6.5 - 11 km N of Mabua, Philippines",6.5,10-02-2017 14:03,8,7,1,718,us,0,2.822,36.0,mww,15.0,9.9071,125.452,Philippines
217,"M 7.9 - 35 km WNW of Panguna, Papua New Guinea",7.9,22-01-2017 04:30,9,7,1,987,us,0,3.625,9.0,mww,135.0,-6.2464,155.172,Papua New Guinea
218,"M 6.5 - 65 km W of Kirakira, Solomon Islands",6.5,19-01-2017 23:04,6,6,1,654,us,0,1.64,21.0,mww,36.0,-10.3506,161.335,Solomon Islands
221,"M 7.6 - 41 km SW of Quellón, Chile",7.6,25-12-2016 14:22,9,8,1,1152,us,0,0.355,29.0,mww,38.0,-43.4064,-73.9413,Chile
222,"M 6.7 - 151 km NE of Lospalos, Timor Leste",6.7,21-12-2016 00:17,5,5,0,726,us,0,3.38,17.0,mww,152.0,-7.5082,127.921,Indonesia
223,"M 7.9 - 140 km E of Kokopo, Papua New Guinea",7.9,17-12-2016 10:51,9,7,1,972,us,0,1.389,13.0,mww,94.54,-4.5049,153.522,Papua New Guinea
226,"M 7.8 - 69 km WSW of Kirakira, Solomon Islands",7.8,08-12-2016 17:38,9,8,1,961,us,0,1.836,13.0,mww,40.0,-10.6812,161.327,Solomon Islands
228,"M 6.5 - 14 km WNW of Reuleuet, Indonesia",6.5,06-12-2016 22:03,9,8,0,731,us,0,0.778,27.0,mww,13.0,5.2834,96.1678,Indonesia
229,"M 6.6 - 122 km N of Murghob, Tajikistan",6.6,25-11-2016 14:24,8,7,0,693,us,0,1.697,20.0,mww,17.0,39.2732,73.9776,People's Republic of China
232,"M 6.5 - 74 km NE of Amberley, New Zealand",6.5,14-11-2016 00:34,7,7,1,664,us,0,0.283,56.0,mww,9.0,-42.6058,173.254,New Zealand
233,"M 6.5 - 92 km SSW of Blenheim, New Zealand",6.5,13-11-2016 11:32,6,7,1,656,us,0,0.135,58.0,mww,10.0,-42.3205,173.669,New Zealand
234,"M 7.8 - 53 km NNE of Amberley, New Zealand",7.8,13-11-2016 11:02,9,9,1,1545,us,0,0.481,21.0,mww,15.11,-42.7373,173.054,New Zealand
235,"M 6.6 - 5 km ESE of Preci, Italy",6.6,30-10-2016 06:40,9,8,0,2840,us,0,0.174,25.0,mww,8.0,42.8621,13.0961,Italy
236,"M 6.6 - 161 km NNE of Pamanukan, Indonesia",6.6,19-10-2016 00:26,3,3,0,677,us,0,2.022,16.0,mww,614.0,-4.8626,108.163,Indonesia
237,"M 6.8 - 76 km WNW of Kandrian, Papua New Guinea",6.8,17-10-2016 06:14,3,6,1,716,us,0,3.727,11.0,mww,42.0,-6.0033,148.887,Papua New Guinea
238,M 6.9 - Fiji region,6.9,24-09-2016 21:28,2,3,1,733,us,0,4.051,9.0,mww,596.4,-19.7819,-178.244,Fiji
240,"M 6.8 - 90 km NE of Rabaul, Papua New Guinea",6.8,31-08-2016 03:11,4,3,1,713,us,0,0.803,12.0,mww,476.0,-3.6849,152.792,Papua New Guinea
241,"M 6.8 - 26 km W of Chauk, Myanmar",6.8,24-08-2016 10:34,6,6,0,981,us,0,1.802,17.0,mww,82.0,20.9228,94.569,Myanmar
244,"M 6.6 - 80 km W of Sungai Penuh, Indonesia",6.6,01-06-2016 22:56,4,6,0,671,us,0,2.435,16.0,mww,50.0,-2.0967,100.665,Indonesia
247,"M 6.9 - 24 km NW of Rosa Zarate, Ecuador",6.9,18-05-2016 16:46,8,7,1,780,us,0,1.192,17.0,mww,29.95,0.4947,-79.616,Ecuador
248,"M 6.7 - 32 km SE of Muisne, Ecuador",6.7,18-05-2016 07:57,5,7,1,744,us,0,1.352,21.0,mww,16.0,0.4261,-79.7899,Ecuador
249,"M 7.0 - 3 km NW of Norsup, Vanuatu",7.0,28-04-2016 19:33,7,7,1,755,us,0,0.616,14.0,mww,24.0,-16.0429,167.379,Vanuatu
250,"M 7.8 - 27 km SSE of Muisne, Ecuador",7.8,16-04-2016 23:58,9,9,1,1163,us,0,1.44,15.0,mww,20.59,0.3819,-79.9218,Ecuador
251,"M 7.0 - 6 km ESE of Kumamoto, Japan",7.0,15-04-2016 16:25,9,9,1,2074,us,0,0.349,32.0,mww,10.0,32.7906,130.754,Japan
252,"M 6.9 - 76 km SE of Mawlaik, Myanmar",6.9,13-04-2016 13:55,6,6,0,903,us,0,3.001,14.0,mww,136.0,23.0944,94.8654,Myanmar
253,"M 6.6 - 42 km WSW of Ashk?sham, Afghanistan",6.6,10-04-2016 10:28,6,4,0,738,us,0,0.789,17.0,mww,212.0,36.4725,71.1311,Afghanistan
254,"M 6.7 - 104 km W of Sola, Vanuatu",6.7,07-04-2016 03:32,7,5,1,692,us,0,6.787,25.0,mww,27.59,-13.9805,166.594,Vanuatu
255,"M 6.7 - 102 km WSW of Sola, Vanuatu",6.7,06-04-2016 06:58,7,6,1,691,us,0,6.697,19.0,mww,24.0,-14.0683,166.624,Vanuatu
256,"M 6.9 - 82 km NNW of Port-Olry, Vanuatu",6.9,03-04-2016 08:23,7,6,1,734,us,0,1.166,25.0,mww,26.0,-14.3235,166.855,Vanuatu
258,"M 7.2 - 80 km S of Mil’kovo, Russia",7.2,30-01-2016 03:25,3,7,1,799,us,0,0.958,17.0,mww,177.0,53.9776,158.546,Russia
259,"M 7.1 - 47 km ESE of Pedro Bay, Alaska",7.1,24-01-2016 10:30,7,7,1,1496,ak,0,0.0,0.0,mw,125.6,59.6204,-153.339,United States of America
261,"M 6.7 - 52 km SE of Shizunai-furukawach?, Japan",6.7,14-01-2016 03:25,5,6,1,717,us,0,0.281,22.0,mww,46.0,41.9723,142.781,Japan
262,"M 6.5 - 227 km SE of Sarangani, Philippines",6.5,11-01-2016 16:38,3,6,1,651,us,0,3.144,22.0,mww,13.0,3.8965,126.862,Indonesia
263,"M 6.7 - 29 km W of Imph?l, India",6.7,03-01-2016 23:05,8,7,0,1515,us,0,1.794,16.0,mww,55.0,24.8036,93.6505,India
264,"M 6.6 - 4 km W of Manuel Ávila Camacho (Ponte Duro), Mexico",6.6,17-12-2015 19:49,8,6,1,765,us,0,0.41,35.0,mww,85.0,15.8015,-93.633,Mexico
265,"M 6.9 - 107 km SE of Amahai, Indonesia",6.9,09-12-2015 10:21,8,5,0,738,us,0,2.979,14.0,mww,21.0,-4.1064,129.508,Indonesia
266,"M 7.2 - 104 km W of Murghob, Tajikistan",7.2,07-12-2015 07:50,4,7,0,827,us,0,1.116,18.0,mww,22.0,38.2107,72.7797,Tajikistan
267,"M 6.7 - 125 km SSW of Tarauacá, Brazil",6.7,26-11-2015 05:45,2,3,0,691,us,0,2.033,19.0,mww,602.75,-9.1825,-71.2574,Brazil
268,"M 7.6 - 185 km WNW of Iñapari, Peru",7.6,24-11-2015 22:50,5,4,0,896,us,0,2.852,10.0,mww,620.56,-10.0598,-71.0184,Peru
269,"M 7.6 - 155 km WNW of Iñapari, Peru",7.6,24-11-2015 22:45,6,5,1,957,us,0,3.287,10.0,mww,606.21,-10.5372,-70.9437,Peru
270,"M 6.8 - 153 km WSW of Buala, Solomon Islands",6.8,18-11-2015 18:31,5,6,1,715,us,0,1.599,19.0,mww,12.59,-8.8994,158.422,Solomon Islands
271,"M 6.5 - 19 km SSW of Lefkáda, Greece",6.5,17-11-2015 07:10,7,7,0,1018,us,0,0.0,0.0,mww,11.0,38.67,20.6,Greece
276,"M 6.8 - 39 km SW of Ovalle, Chile",6.8,07-11-2015 07:31,7,7,1,841,us,0,0.258,41.0,mww,46.0,-30.8796,-71.4519,Chile
277,"M 6.5 - 47 km NW of Maubara, Timor Leste",6.5,04-11-2015 03:44,5,7,0,657,us,0,1.53,21.0,mww,20.0,-8.3381,124.875,Indonesia
278,"M 7.5 - Hindu Kush region, Afghanistan",7.5,26-10-2015 09:09,8,7,0,1448,us,0,0.622,18.0,mww,231.0,36.5244,70.3676,Afghanistan
279,"M 7.1 - 31 km NE of Port-Olry, Vanuatu",7.1,20-10-2015 21:52,6,6,1,780,us,0,0.592,11.0,mww,135.0,-14.8595,167.303,Vanuatu
280,"M 6.6 - 28 km N of Sorong, Indonesia",6.6,24-09-2015 15:53,7,7,0,671,us,0,2.486,13.0,mww,18.0,-0.6212,131.262,Indonesia
281,"M 6.6 - 22 km WSW of Illapel, Chile",6.6,21-09-2015 17:40,5,7,1,820,us,0,1.064,14.0,mww,35.0,-31.7275,-71.3792,Chile
282,"M 6.7 - 61 km WNW of Illapel, Chile",6.7,17-09-2015 04:10,5,7,0,718,us,0,0.853,35.0,mww,23.0,-31.5173,-71.804,Chile
283,"M 6.5 - 54 km WNW of Illapel, Chile",6.5,17-09-2015 03:55,6,7,0,657,us,0,0.749,62.0,mww,27.0,-31.4244,-71.6876,Chile
284,"M 7.0 - 25 km WNW of Illapel, Chile",7.0,16-09-2015 23:18,8,7,0,799,us,0,0.903,13.0,mww,28.41,-31.5622,-71.4262,Chile
285,"M 8.3 - 48 km W of Illapel, Chile",8.3,16-09-2015 22:54,9,8,1,1960,us,0,0.684,19.0,mww,22.44,-31.5729,-71.6744,Chile
289,"M 7.0 - 234 km W of Abepura, Indonesia",7.0,27-07-2015 21:41,9,7,1,762,us,0,6.278,12.0,mww,48.0,-2.6286,138.528,Indonesia
293,"M 6.7 - 150 km WNW of Malango, Solomon Islands",6.7,10-07-2015 04:12,4,5,1,691,us,0,1.529,11.0,mww,12.0,-9.307,158.403,Solomon Islands
300,"M 6.8 - 32 km SE of ?funato, Japan",6.8,12-05-2015 21:12,8,6,1,831,us,0,1.422,8.0,mww,35.0,38.9056,142.032,Japan
301,M 7.3 - Nepal,7.3,12-05-2015 07:05,8,7,0,1563,us,0,0.677,11.0,mww,15.0,27.8087,86.0655,Nepal
303,"M 7.5 - 131 km SSW of Kokopo, Papua New Guinea",7.5,05-05-2015 01:44,7,8,1,869,us,0,1.295,22.0,mww,55.0,-5.4624,151.875,Papua New Guinea
304,"M 6.8 - 109 km SSW of Kokopo, Papua New Guinea",6.8,01-05-2015 08:06,5,6,1,714,us,0,1.074,23.0,mww,44.0,-5.2005,151.777,Papua New Guinea
305,"M 6.7 - 126 km SSW of Kokopo, Papua New Guinea",6.7,30-04-2015 10:45,5,6,1,692,us,0,1.239,12.0,mww,31.0,-5.375,151.771,Papua New Guinea
306,"M 6.7 - 21 km SSE of Kod?ri??, Nepal",6.7,26-04-2015 07:09,7,7,0,1016,us,0,0.727,13.0,mww,22.91,27.7711,86.0173,Nepal
307,"M 6.6 - 71 km NNE of Bharatpur, Nepal",6.6,25-04-2015 06:45,8,7,0,733,us,0,1.778,16.0,mww,10.0,28.2244,84.8216,Nepal
308,"M 7.8 - 67 km NNE of Bharatpur, Nepal",7.8,25-04-2015 06:11,8,9,0,2820,us,0,1.857,12.0,mww,8.22,28.2305,84.7314,Nepal
311,"M 7.5 - 53 km SE of Kokopo, Papua New Guinea",7.5,29-03-2015 23:48,6,7,1,872,us,0,0.666,19.0,mww,41.0,-4.7294,152.562,Papua New Guinea
312,"M 7.0 - 150 km NNE of Maumere, Indonesia",7.0,27-02-2015 13:45,4,6,0,760,us,0,1.362,12.0,mww,552.06,-7.2968,122.535,Indonesia
314,"M 6.7 - 103 km W of El Aguilar, Argentina",6.7,11-02-2015 18:57,4,6,1,700,us,0,2.11,16.0,mww,223.0,-23.1125,-66.688,Argentina
315,"M 6.8 - 81 km NNE of Port-Vila, Vanuatu",6.8,23-01-2015 03:47,1,4,1,711,us,0,2.019,13.0,mww,219.96,-17.0309,168.52,Vanuatu
317,"M 6.6 - 22 km ESE of Punta de Burica, Panama",6.6,08-12-2014 08:54,7,6,1,709,us,0,2.485,43.0,mww,20.0,7.9401,-82.6865,Panama
319,"M 6.6 - 106 km WSW of Sangay, Philippines",6.6,02-12-2014 05:11,1,3,0,670,us,0,2.6,9.0,mww,614.0,6.1572,123.126,Philippines
320,"M 6.8 - 157 km NW of Ternate, Indonesia",6.8,26-11-2014 14:33,6,5,1,713,us,0,1.421,19.0,mww,39.0,1.9604,126.575,Indonesia
321,"M 6.5 - 123 km WNW of Tobelo, Indonesia",6.5,21-11-2014 10:10,5,5,1,652,us,0,1.549,9.0,mww,35.0,2.2999,127.056,Indonesia
323,"M 7.1 - 155 km NW of Ternate, Indonesia",7.1,15-11-2014 02:31,4,6,1,779,us,0,1.397,18.0,mww,45.0,1.8929,126.522,Indonesia
324,"M 6.6 - 76 km NE of Finschhafen, Papua New Guinea",6.6,07-11-2014 03:33,2,6,1,671,us,0,3.557,13.0,mww,53.19,-5.9873,148.232,Papua New Guinea
328,"M 6.8 - 38 km NW of Aniso, Peru",6.8,24-08-2014 23:21,6,6,1,741,us,0,4.107,18.0,mww,101.0,-14.598,-73.5714,Peru
330,M 6.9 - Fiji region,6.9,21-07-2014 14:54,0,6,1,732,us,0,3.934,15.0,mww,615.42,-19.8015,-178.4,Fiji
332,"M 6.9 - 4 km W of Puerto Madero, Mexico",6.9,07-07-2014 11:23,8,7,1,1079,us,0,0.263,51.0,mww,53.0,14.724,-92.4614,Mexico
336,"M 7.9 - Rat Islands, Aleutian Islands, Alaska",7.9,23-06-2014 20:53,6,8,1,963,us,0,0.133,22.0,mww,109.0,51.8486,178.735,United States of America
340,"M 6.9 - 21 km SSW of Kamariótissa, Greece",6.9,24-05-2014 09:25,9,7,0,951,us,0,0.402,25.0,mww,6.43,40.2893,25.3889,Greece
345,"M 6.6 - 57 km SW of Panguna, Papua New Guinea",6.6,19-04-2014 01:04,0,6,1,670,us,0,3.803,11.0,mww,29.0,-6.6558,155.087,Papua New Guinea
346,"M 7.2 - 9 km ENE of Coyuquilla Norte, Mexico",7.2,18-04-2014 14:27,8,7,1,1017,us,0,2.25,46.0,mww,24.0,17.397,-100.972,Mexico
350,"M 6.6 - 15 km N of Belén, Nicaragua",6.6,11-04-2014 20:29,6,5,1,677,us,0,0.761,20.0,mww,135.0,11.642,-85.8779,Nicaragua
352,"M 7.1 - 56 km WSW of Panguna, Papua New Guinea",7.1,11-04-2014 07:07,0,7,1,776,us,0,3.729,21.0,mww,60.53,-6.5858,155.048,Papua New Guinea
361,"M 6.9 - 272 km ESE of Hotan, China",6.9,12-02-2014 09:19,3,8,0,733,us,0,7.496,18.0,mww,10.0,35.9053,82.5864,People's Republic of China
362,"M 6.5 - 32 km E of Port-Olry, Vanuatu",6.5,07-02-2014 08:40,0,5,1,650,us,0,0.409,20.0,mww,122.0,-15.0691,167.372,Vanuatu
364,"M 6.5 - 32 km W of Sola, Vanuatu",6.5,01-01-2014 16:03,0,4,1,650,us,0,3.997,14.0,mww,187.0,-13.8633,167.249,Vanuatu
366,M 7.7 - Scotia Sea,7.7,17-11-2013 09:04,1,8,1,912,us,0,8.05,23.0,mww,10.0,-60.2738,-46.4011,United Kingdom of Great Britain and Northern Ireland (the)
367,M 6.9 - Scotia Sea,6.9,16-11-2013 03:34,0,5,1,732,us,0,8.284,17.0,mww,9.97,-60.2627,-47.0621,United Kingdom of Great Britain and Northern Ireland (the)
368,"M 6.6 - 41 km SSW of Coquimbo, Chile",6.6,31-10-2013 23:03,6,7,1,723,us,0,0.636,31.0,mww,27.0,-30.2921,-71.5215,Chile
371,"M 6.8 - 62 km WSW of Panguna, Papua New Guinea",6.8,16-10-2013 10:30,0,6,1,711,us,0,5.79,9.0,mww,35.0,-6.4456,154.931,Papua New Guinea
372,"M 7.1 - 4 km SE of Sagbayan, Philippines",7.1,15-10-2013 00:12,9,8,1,1092,us,0,3.144,12.0,mww,19.04,9.8796,124.117,Philippines
376,"M 6.8 - 129 km WSW of Khuzdar, Pakistan",6.8,28-09-2013 07:34,7,7,0,1005,us,0,7.359,17.0,mww,12.0,27.1825,65.5052,Pakistan
377,"M 7.1 - 16 km WSW of Atiquipa, Peru",7.1,25-09-2013 16:42,8,7,1,843,us,0,4.446,17.0,mww,40.0,-15.8385,-74.5112,Peru
378,"M 7.7 - 113 km NW of Bela, Pakistan",7.7,24-09-2013 11:29,5,8,0,2015,us,0,7.241,17.0,mww,15.0,26.951,65.5009,Pakistan
381,"M 6.5 - 180 km NE of Lospalos, Timor Leste",6.5,01-09-2013 11:52,4,5,0,668,us,0,3.097,11.0,mww,112.0,-7.44,128.221,Indonesia
383,"M 6.5 - 29 km SE of Blenheim, New Zealand",6.5,16-08-2013 02:31,9,7,1,690,us,0,0.0,0.0,mww,8.2,-41.734,174.152,New Zealand
385,"M 6.5 - 38 km ESE of Blenheim, New Zealand",6.5,21-07-2013 05:09,6,7,1,693,us,229,0.0,20.0,mww,17.0,-41.704,174.337,New Zealand
386,M 7.3 - South Sandwich Islands region,7.3,15-07-2013 14:03,0,6,1,820,us,398,0.0,43.0,mww,11.0,-60.857,-25.07,United Kingdom of Great Britain and Northern Ireland (the)
387,"M 6.6 - 26 km NE of Kandrian, Papua New Guinea",6.6,07-07-2013 20:30,4,6,0,674,us,139,0.0,14.0,mww,56.0,-6.029,149.706,Papua New Guinea
388,"M 7.3 - 190 km ENE of Kokopo, Papua New Guinea",7.3,07-07-2013 18:35,0,4,1,820,us,117,0.0,24.0,mww,385.5,-3.917,153.927,Papua New Guinea
396,"M 6.5 - 33 km N of Rabaul, Papua New Guinea",6.5,23-04-2013 23:14,0,6,1,650,us,264,0.0,16.6,mww,10.0,-3.898,152.127,Papua New Guinea
397,"M 6.6 - 56 km WSW of Linqiong, China",6.6,20-04-2013 00:02,8,8,0,2083,us,548,0.0,12.6,mww,14.0,30.308,102.888,People's Republic of China
398,"M 7.2 - 252 km ENE of Kuril’sk, Russia",7.2,19-04-2013 03:05,5,7,1,804,us,770,0.0,10.1,mww,110.0,46.221,150.788,Russia
399,"M 6.6 - 23 km ESE of Aitape, Papua New Guinea",6.6,16-04-2013 22:55,7,7,1,672,us,445,0.0,11.0,mww,13.0,-3.214,142.542,Papua New Guinea
400,"M 7.7 - 79 km ESE of Kh?sh, Iran",7.7,16-04-2013 10:44,8,8,0,1421,us,506,0.0,26.6,mww,80.0,28.033,61.996,Iran
402,"M 7.0 - 260 km WSW of Abepura, Indonesia",7.0,06-04-2013 04:42,3,7,1,755,us,640,0.0,11.4,mww,66.0,-3.517,138.476,Indonesia
403,"M 6.5 - 36 km E of Finschhafen, Papua New Guinea",6.5,10-03-2013 22:51,0,6,1,650,us,317,0.0,14.2,mww,28.0,-6.598,148.174,Papua New Guinea
406,"M 6.6 - 183 km SW of Belaya Gora, Russia",6.6,14-02-2013 13:13,0,7,1,670,us,697,0.0,15.3,mww,11.0,67.631,142.508,Russia
407,"M 6.6 - 30 km SSW of Lata, Solomon Islands",6.6,09-02-2013 21:02,0,6,1,670,us,421,0.0,16.6,mww,18.0,-10.994,165.741,Solomon Islands
408,"M 6.9 - 2 km NNE of Yacuanquer, Colombia",6.9,09-02-2013 14:16,5,5,1,904,us,562,0.0,23.7,mww,145.0,1.135,-77.393,Colombia
409,"M 7.1 - 32 km SE of Lata, Solomon Islands",7.1,08-02-2013 15:26,9,6,1,780,us,334,0.0,16.5,mww,21.0,-10.928,166.018,Solomon Islands
410,"M 6.8 - 22 km ESE of Lata, Solomon Islands",6.8,08-02-2013 11:12,0,7,1,711,us,400,0.0,17.5,mww,12.0,-10.838,165.969,Solomon Islands
411,"M 6.7 - 33 km SSW of Lata, Solomon Islands",6.7,07-02-2013 18:59,0,6,1,691,us,387,0.0,26.5,mww,11.0,-10.997,165.655,Solomon Islands
412,"M 7.0 - 33 km NW of Lata, Solomon Islands",7.0,06-02-2013 01:54,0,6,0,754,us,445,0.0,17.5,mww,8.8,-10.499,165.588,Solomon Islands
415,"M 6.9 - 18 km SSW of Obihiro, Japan",6.9,02-02-2013 14:17,6,7,0,814,us,686,0.0,28.0,mww,107.0,42.77,143.092,Japan
416,"M 6.8 - 54 km N of Vallenar, Chile",6.8,30-01-2013 20:15,6,7,0,771,us,596,0.0,19.3,mww,45.0,-28.094,-70.653,Chile
418,"M 6.7 - 59 km SSW of Sola, Vanuatu",6.7,21-12-2012 22:28,0,4,0,691,us,521,0.0,13.7,mww,200.7,-14.344,167.286,Vanuatu
419,M 7.1 - Banda Sea,7.1,10-12-2012 16:53,5,5,0,843,us,517,0.0,8.7,mww,155.0,-6.533,129.825,Indonesia
422,"M 6.8 - 51 km NNE of Shwebo, Myanmar",6.8,11-11-2012 01:12,7,6,0,795,us,391,0.0,13.7,mww,13.7,23.005,95.885,Myanmar
424,"M 7.8 - 206 km SW of Prince Rupert, Canada",7.8,28-10-2012 03:04,8,7,0,1726,us,807,0.0,42.7,mww,14.0,52.788,-132.101,Canada
425,M 6.5 - Costa Rica,6.5,24-10-2012 00:45,6,6,0,745,us,691,0.0,34.4,mww,17.0,10.086,-85.298,Costa Rica
426,"M 6.6 - 163 km ENE of Tual, Indonesia",6.6,12-10-2012 00:31,3,5,0,675,us,291,0.0,17.7,mww,13.0,-4.892,134.03,Indonesia
427,"M 7.3 - 11 km WNW of San Agustín, Colombia",7.3,30-09-2012 16:31,7,6,0,1221,us,934,0.0,15.5,mww,170.0,1.929,-76.362,Colombia
428,"M 7.6 - 11 km ENE of Hojancha, Costa Rica",7.6,05-09-2012 14:42,8,7,0,1555,us,703,0.0,34.3,mww,35.0,10.085,-85.315,Costa Rica
431,"M 6.6 - 140 km WNW of Tobelo, Indonesia",6.6,26-08-2012 15:05,4,5,0,678,us,497,0.0,14.6,mww,91.1,2.19,126.837,Indonesia
433,"M 6.5 - 105 km ESE of Kokopo, Papua New Guinea",6.5,28-07-2012 20:03,5,6,0,653,us,576,0.0,11.7,mww,41.0,-4.651,153.173,Papua New Guinea
434,"M 6.6 - 76 km W of Neiafu, Tonga",6.6,28-04-2012 10:08,4,5,0,675,us,529,0.0,15.7,mww,134.7,-18.685,-174.705,Tonga
435,"M 6.7 - 86 km SSE of Manokwari, Indonesia",6.7,21-04-2012 01:16,0,7,0,691,us,370,0.0,15.4,mww,16.0,-1.617,134.276,Indonesia
436,"M 6.8 - 140 km N of Lae, Papua New Guinea",6.8,17-04-2012 07:13,6,5,0,732,us,597,0.0,12.6,mww,198.0,-5.462,147.117,Papua New Guinea
437,"M 6.7 - 22 km NW of Hacienda La Calera, Chile",6.7,17-04-2012 03:50,0,7,0,691,us,518,0.0,26.9,mww,29.0,-32.625,-71.365,Chile
438,"M 7.0 - 69 km ENE of San Luis, Mexico",7.0,12-04-2012 07:15,7,7,0,1000,us,474,0.0,95.9,mww,13.0,28.696,-113.104,Mexico
439,"M 6.5 - 41 km NW of El Habillal, Mexico",6.5,11-04-2012 22:55,7,6,0,1171,us,599,0.0,54.1,mwb,20.0,18.229,-102.689,Mexico
442,"M 7.1 - 23 km NE of Constitución, Chile",7.1,25-03-2012 22:37,7,7,0,1496,us,553,0.0,15.2,mww,40.7,-35.2,-72.217,Chile
443,"M 6.6 - 11 km ENE of Kainantu, Papua New Guinea",6.6,21-03-2012 22:15,6,6,0,709,us,640,0.0,10.1,mww,118.0,-6.242,145.955,Papua New Guinea
444,"M 7.4 - 6 km E of Santiago Llano Grande, Mexico",7.4,20-03-2012 18:02,9,8,0,1752,us,672,0.0,37.9,mww,20.0,16.493,-98.231,Mexico
445,"M 6.7 - 38 km NE of Saryg-Sep, Russia",6.7,26-02-2012 06:17,7,7,0,833,us,596,0.0,13.4,mww,12.0,51.708,95.991,Russia
446,"M 6.7 - 2 km NNE of Jimalalud, Philippines",6.7,06-02-2012 03:49,9,7,0,1551,us,572,0.0,11.1,mww,11.0,9.999,123.206,Philippines
449,"M 6.6 - 45 km NNE of Saryg-Sep, Russia",6.6,27-12-2011 15:21,0,7,0,670,us,545,0.0,17.6,mww,15.0,51.842,95.911,Russia
450,"M 7.1 - 25 km SSE of Wau, Papua New Guinea",7.1,14-12-2011 05:04,6,6,0,834,us,485,0.0,10.6,mww,135.0,-7.551,146.809,Papua New Guinea
451,"M 6.5 - 6 km SSW of Nuevo Balsas, Mexico",6.5,11-12-2011 01:47,8,7,0,1400,us,578,0.0,38.6,mww,59.0,17.986,-99.789,Mexico
452,"M 6.9 - 39 km SW of Santiago, Peru",6.9,28-10-2011 18:54,6,7,0,847,us,474,0.0,46.5,mww,24.0,-14.438,-75.966,Peru
453,"M 7.1 - 27 km NNE of Van, Turkey",7.1,23-10-2011 10:41,9,9,0,1096,us,693,0.0,19.7,mww,18.0,38.721,43.508,Turkey
454,"M 6.5 - 4 km ESE of Finschhafen, Papua New Guinea",6.5,14-10-2011 03:35,3,6,0,655,us,423,0.0,12.6,mww,37.0,-6.57,147.881,Papua New Guinea
455,"M 6.9 - 43 km NW of Mangan, India",6.9,18-09-2011 12:40,8,8,0,1562,us,383,0.0,13.0,mww,50.0,27.73,88.155,India
457,"M 6.7 - 68 km WSW of Kabanjahe, Indonesia",6.7,05-09-2011 17:55,5,6,0,915,us,447,0.0,15.3,mww,91.0,2.965,97.893,Indonesia
459,"M 7.0 - 64 km ESE of Contamana, Peru",7.0,24-08-2011 17:46,6,6,0,913,us,471,0.0,26.9,mww,147.0,-7.641,-74.525,Peru
463,"M 6.6 - 103 km NE of Angoram, Papua New Guinea",6.6,31-07-2011 23:38,3,6,0,674,us,229,0.0,16.6,mww,10.0,-3.518,144.828,Papua New Guinea
465,"M 6.7 - 41 km NNE of Miyako, Japan",6.7,22-06-2011 21:50,6,6,0,749,us,592,0.0,24.9,mww,33.0,39.955,142.205,Japan
467,"M 6.8 - 79 km W of Kirakira, Solomon Islands",6.8,23-04-2011 04:16,5,6,0,719,us,445,0.0,13.0,mww,79.0,-10.375,161.2,Solomon Islands
468,"M 6.6 - 17 km SSW of Ishikawa, Japan",6.6,11-04-2011 08:16,7,7,0,822,us,586,0.0,10.1,mww,11.0,37.001,140.401,Japan
469,"M 7.1 - 29 km ESE of Ishinomaki, Japan",7.1,07-04-2011 14:32,8,8,0,1114,us,446,0.0,17.7,mww,42.0,38.276,141.588,Japan
470,"M 6.6 - 7 km SW of Helio García Alfaro, Mexico",6.6,07-04-2011 13:11,7,6,0,897,us,518,0.0,37.2,mww,166.2,17.208,-94.338,Mexico
471,"M 6.9 - 27 km NNW of Tachilek, Myanmar",6.9,24-03-2011 13:55,7,9,0,1154,us,335,0.0,18.2,mww,8.0,20.687,99.822,Myanmar
479,"M 6.9 - 21 km N of Tomé, Chile",6.9,11-02-2011 20:05,7,7,0,988,us,382,0.0,34.7,mww,26.0,-36.422,-72.96,Chile
480,"M 7.2 - 46 km WSW of Dalbandin, Pakistan",7.2,18-01-2011 20:23,7,7,0,1449,us,372,0.0,25.3,mww,68.0,28.777,63.951,Pakistan
482,"M 7.2 - 42 km NNW of Carahue, Chile",7.2,02-01-2011 20:20,8,7,0,1054,us,397,0.0,30.1,mww,24.0,-38.355,-73.326,Chile
484,"M 6.7 - 111 km SE of Bam, Iran",6.7,20-12-2010 18:41,3,7,0,708,us,279,0.0,24.3,mwc,12.0,28.412,59.18,Iran
485,"M 6.6 - 52 km ENE of Kandrian, Papua New Guinea",6.6,02-12-2010 03:12,0,6,0,670,us,306,0.0,18.5,mwb,33.0,-6.001,149.977,Papua New Guinea
488,"M 7.0 - Near the south coast of Papua, Indonesia",7.0,29-09-2010 17:11,8,5,0,772,us,271,0.0,15.1,mwc,26.0,-4.963,133.76,Indonesia
489,"M 7.0 - 19 km NE of Methven, New Zealand",7.0,03-09-2010 16:35,8,8,0,1245,us,365,0.0,15.8,mwc,12.0,-43.522,171.83,New Zealand
490,M 7.1 - Ecuador,7.1,12-08-2010 11:54,6,5,0,945,us,672,0.0,12.4,mwc,206.7,-1.266,-77.306,Ecuador
491,"M 7.3 - 33 km NW of Port-Vila, Vanuatu",7.3,10-08-2010 05:23,7,7,0,850,us,405,0.0,20.2,mwc,25.0,-17.541,168.069,Vanuatu
492,"M 7.0 - 72 km ESE of Kimbe, Papua New Guinea",7.0,04-08-2010 22:01,4,6,0,757,us,396,0.0,12.7,mww,44.0,-5.746,150.765,Papua New Guinea
493,"M 6.5 - 118 km ESE of Madang, Papua New Guinea",6.5,04-08-2010 07:15,5,4,0,659,us,403,0.0,11.1,mwc,220.0,-5.486,146.822,Papua New Guinea
494,"M 7.6 - 61 km W of Bantogon, Philippines",7.6,23-07-2010 22:51,5,3,0,902,us,340,0.0,15.1,mwc,578.0,6.497,123.48,Philippines
495,"M 7.3 - New Britain region, Papua New Guinea",7.3,18-07-2010 13:34,8,7,0,831,us,397,0.0,18.2,mwc,35.0,-5.931,150.59,Papua New Guinea
496,"M 6.9 - 56 km SE of Kimbe, Papua New Guinea",6.9,18-07-2010 13:04,4,7,0,737,us,456,0.0,15.7,mwc,28.0,-5.966,150.428,Papua New Guinea
497,"M 6.6 - 30 km SSE of Cañete, Chile",6.6,14-07-2010 08:32,6,7,0,753,us,295,0.0,52.8,mwc,22.0,-38.067,-73.31,Chile
498,"M 6.7 - 55 km WSW of Kirakira, Solomon Islands",6.7,26-06-2010 05:30,5,6,0,696,us,392,0.0,18.7,mwc,35.0,-10.627,161.447,Solomon Islands
499,"M 6.6 - 135 km SSE of Biak, Indonesia",6.6,16-06-2010 03:58,0,7,0,670,us,309,0.0,25.0,mwc,10.5,-2.329,136.484,Indonesia
500,"M 7.0 - 121 km SSE of Biak, Indonesia",7.0,16-06-2010 03:16,3,7,0,755,us,307,0.0,18.1,mwc,18.0,-2.174,136.543,Indonesia
502,"M 7.2 - 100 km WNW of Sola, Vanuatu",7.2,27-05-2010 17:14,5,6,0,804,us,327,0.0,11.7,mwc,31.0,-13.698,166.643,Vanuatu
503,"M 7.2 - 45 km SSW of Meulaboh, Indonesia",7.2,09-05-2010 05:59,5,6,0,918,us,611,0.0,20.6,mwc,38.0,3.748,96.018,Indonesia
504,"M 6.9 - 233 km NNW of Qamdo, China",6.9,13-04-2010 23:49,6,9,0,773,us,410,0.0,14.9,mwc,17.0,33.165,96.548,People's Republic of China
506,"M 7.8 - 75 km E of Sinabang, Indonesia",7.8,06-04-2010 22:15,0,7,0,936,us,352,0.0,19.2,mwc,31.0,2.383,97.048,Indonesia
507,"M 7.2 - 12km SW of Delta, B.C., MX",7.2,04-04-2010 22:40,9,9,0,2910,ci,10,0.5137,239.0,mw,9.987,32.2862,-115.295,Mexico
508,"M 6.6 - 217 km N of Bamboo Flat, India",6.6,30-03-2010 16:54,5,6,0,701,us,413,0.0,16.7,mwc,34.0,13.667,92.831,India
511,"M 7.0 - 52 km NW of Santa Cruz, Chile",7.0,11-03-2010 14:55,7,7,0,874,us,403,0.0,17.1,mwc,18.0,-34.326,-71.799,Chile
512,"M 6.9 - 61 km NW of Santa Cruz, Chile",6.9,11-03-2010 14:39,7,7,0,1280,us,415,0.0,12.5,mwc,11.0,-34.29,-71.891,Chile
513,"M 6.8 - 141 km W of Bengkulu, Indonesia",6.8,05-03-2010 16:07,4,6,0,717,us,401,0.0,23.2,mwc,26.0,-3.762,100.991,Indonesia
514,"M 6.6 - 23 km WNW of Talcahuano, Chile",6.6,05-03-2010 11:47,7,7,0,736,us,255,0.0,27.8,mwb,18.0,-36.665,-73.374,Chile
515,"M 6.5 - 48 km NW of Sola, Vanuatu",6.5,04-03-2010 14:02,0,4,0,650,us,426,0.0,18.7,mwb,176.0,-13.571,167.227,Vanuatu
517,"M 8.8 - 36 km WNW of Quirihue, Chile",8.8,27-02-2010 06:34,8,8,0,1991,official,454,0.0,17.8,mww,22.9,-36.122,-72.898,Chile
519,"M 7.0 - 10 km SE of Léogâne, Haiti",7.0,12-01-2010 21:53,9,9,0,1623,us,500,0.0,22.7,mwc,13.0,18.443,-72.571,Haiti
522,"M 7.1 - 94 km SE of Gizo, Solomon Islands",7.1,03-01-2010 22:36,5,7,0,780,us,377,0.0,15.0,mwc,10.0,-8.783,157.354,Solomon Islands
523,"M 6.6 - 98 km SE of Gizo, Solomon Islands",6.6,03-01-2010 21:48,5,7,0,672,us,282,0.0,16.6,mwc,10.0,-8.726,157.487,Solomon Islands
524,"M 6.5 - 92 km N of Iquique, Chile",6.5,13-11-2009 03:05,6,7,0,698,us,390,0.0,17.7,mwc,27.0,-19.394,-70.321,Chile
525,"M 7.3 - 77 km ENE of Ba, Fiji",7.3,09-11-2009 10:44,0,4,0,820,us,430,0.0,15.0,mwc,595.0,-17.239,178.331,Fiji
526,"M 6.6 - 29 km NNW of Bima, Indonesia",6.6,08-11-2009 19:41,7,6,0,677,us,305,0.0,20.4,mwc,18.0,-8.207,118.631,Indonesia
528,"M 6.9 - 268 km WSW of Tual, Indonesia",6.9,24-10-2009 14:40,4,6,0,972,us,397,0.0,11.0,mwc,130.0,-6.133,130.385,Indonesia
530,"M 7.4 - 143 km NW of Sola, Vanuatu",7.4,07-10-2009 23:13,0,7,0,842,us,314,0.0,20.2,mwc,31.1,-13.093,166.497,Vanuatu
532,"M 7.7 - 148 km NW of Sola, Vanuatu",7.7,07-10-2009 22:03,4,7,0,916,us,283,0.0,23.2,mww,45.0,-13.006,166.51,Vanuatu
533,"M 6.6 - 49 km SSE of Sungai Penuh, Indonesia",6.6,01-10-2009 01:52,7,7,0,787,us,417,0.0,30.1,mwc,9.0,-2.482,101.524,Indonesia
534,"M 7.6 - 30 km WSW of Pariaman, Indonesia",7.6,30-09-2009 10:16,8,8,0,1639,us,498,0.0,14.0,mwc,81.0,-0.72,99.867,Indonesia
536,"M 7.0 - 66 km SSW of Banjar, Indonesia",7.0,02-09-2009 07:55,7,7,0,1175,us,312,0.0,16.3,mwc,46.0,-7.782,107.297,Indonesia
537,"M 6.7 - 112 km WSW of Padang, Indonesia",6.7,16-08-2009 07:38,5,6,0,753,us,369,0.0,14.9,mwc,20.0,-1.479,99.49,Indonesia
541,"M 6.9 - 96 km WNW of Bahía de Kino, Mexico",6.9,03-08-2009 17:59,5,7,0,1202,us,243,0.0,35.0,mwc,10.0,29.039,-112.903,Mexico
542,"M 7.8 - 97 km WSW of Te Anau, New Zealand",7.8,15-07-2009 09:22,6,8,0,1165,us,434,0.0,16.8,mwc,12.0,-45.762,166.562,New Zealand
543,"M 6.7 - 190 km ESE of Kokopo, Papua New Guinea",6.7,23-06-2009 14:19,5,5,0,693,us,269,0.0,13.8,mwc,64.0,-5.157,153.782,Papua New Guinea
546,"M 7.2 - 196 km SSE of Sarangani, Philippines",7.2,11-02-2009 17:34,3,7,0,802,us,432,0.0,18.6,mwc,20.0,3.886,126.387,Indonesia
547,"M 7.4 - 86 km WNW of Manokwari, Indonesia",7.4,03-01-2009 22:33,7,7,0,846,us,314,0.0,21.1,mwc,23.0,-0.691,133.305,Indonesia
548,"M 6.6 - 50 km S of Jurm, Afghanistan",6.6,03-01-2009 20:23,5,4,0,765,us,344,0.0,22.6,mwc,204.8,36.419,70.743,Afghanistan
549,"M 7.7 - 140 km WNW of Manokwari, Indonesia",7.7,03-01-2009 19:43,5,7,0,918,us,288,0.0,29.8,mwc,17.0,-0.414,132.885,Indonesia
550,"M 7.4 - 135 km NW of Gorontalo, Indonesia",7.4,16-11-2008 17:02,9,7,0,848,us,365,0.0,33.7,mww,30.0,1.271,122.091,Indonesia
551,"M 6.7 - 19 km SW of Brisas Barra de Suchiate, Mexico",6.7,16-10-2008 19:41,5,6,0,731,us,481,0.0,28.6,mwc,24.0,14.423,-92.364,Mexico
552,"M 6.7 - 131 km SE of Nookat, Kyrgyzstan",6.7,05-10-2008 15:52,0,6,0,691,us,529,0.0,22.3,mwc,27.4,39.533,73.824,Kyrgyzstan
554,"M 6.6 - 73 km WNW of Tobelo, Indonesia",6.6,11-09-2008 00:00,0,6,0,670,us,463,0.0,14.1,mwc,96.0,1.885,127.363,Indonesia
555,"M 6.9 - 75 km WNW of Sola, Vanuatu",6.9,08-09-2008 18:52,0,6,0,732,us,531,0.0,14.9,mwc,110.0,-13.501,166.967,Vanuatu
556,"M 6.7 - 221 km NE of Jumla, Nepal",6.7,25-08-2008 13:21,4,7,0,692,us,325,0.0,28.0,mwc,12.0,30.901,83.52,People's Republic of China
557,"M 6.8 - 29 km ENE of Morioka, Japan",6.8,23-07-2008 15:26,8,7,0,1046,us,633,0.0,20.2,mwc,108.0,39.802,141.464,Japan
561,"M 6.9 - 24 km WSW of Mizusawa, Japan",6.9,13-06-2008 23:43,7,8,0,888,us,654,0.0,17.1,mwc,7.8,39.03,140.881,Japan
562,"M 7.9 - 58 km W of Tianpeng, China",7.9,12-05-2008 06:28,9,9,0,1870,us,774,0.0,11.3,mwc,19.0,31.002,103.322,People's Republic of China
565,"M 7.2 - 226 km SE of Hotan, China",7.2,20-03-2008 22:32,0,7,0,798,us,532,0.0,25.9,mwc,10.0,35.49,81.467,People's Republic of China
567,"M 6.7 - 155 km SSW of Padang, Indonesia",6.7,25-02-2008 21:02,5,6,0,696,us,543,0.0,15.1,mwc,25.0,-2.245,99.808,Indonesia
568,"M 6.6 - 161 km SSW of Padang, Indonesia",6.6,25-02-2008 18:06,4,6,0,674,us,421,0.0,17.7,mwc,25.0,-2.332,99.891,Indonesia
569,"M 7.2 - 164 km WSW of Sungai Penuh, Indonesia",7.2,25-02-2008 08:36,4,7,0,832,us,505,0.0,18.4,mwc,25.0,-2.486,99.972,Indonesia
570,"M 6.5 - 166 km WSW of Sungai Penuh, Indonesia",6.5,24-02-2008 14:46,4,6,0,654,us,429,0.0,28.3,mwc,22.0,-2.405,99.931,Indonesia
571,"M 7.4 - 56 km NW of Sinabang, Indonesia",7.4,20-02-2008 08:08,5,7,0,914,us,607,0.0,16.4,mwc,26.0,2.768,95.964,Indonesia
574,"M 6.5 - 9 km SSW of General Pascual Fentes, Mexico",6.5,12-02-2008 12:50,7,6,0,723,us,521,0.0,27.6,mwc,83.0,16.357,-94.304,Mexico
576,"M 6.7 - 80 km NNE of Antofagasta, Chile",6.7,16-12-2007 08:09,5,7,0,704,us,481,0.0,30.3,mwb,45.0,-22.954,-70.182,Chile
577,"M 7.4 - 18 km WNW of Basse-Pointe, Martinique",7.4,29-11-2007 19:00,7,7,0,1542,us,663,0.0,13.4,mwb,156.0,14.944,-61.274,Martinique
578,"M 6.6 - 60 km SSE of Kirakira, Solomon Islands",6.6,27-11-2007 11:49,3,6,0,672,us,280,0.0,26.9,mwc,16.0,-10.95,162.149,Solomon Islands
579,"M 6.5 - 34 km N of Dompu, Indonesia",6.5,25-11-2007 19:53,5,7,0,653,us,272,0.0,27.6,mwc,18.0,-8.224,118.467,Indonesia
580,"M 6.5 - 28 km NNW of Dompu, Indonesia",6.5,25-11-2007 16:02,7,7,0,657,us,353,0.0,27.5,mwc,20.0,-8.292,118.37,Indonesia
581,"M 6.8 - 107 km N of Lae, Papua New Guinea",6.8,22-11-2007 08:48,6,6,0,722,us,341,0.0,15.9,mwc,53.0,-5.757,147.098,Papua New Guinea
582,"M 6.8 - 30 km E of Macas, Ecuador",6.8,16-11-2007 03:13,7,6,0,790,us,649,0.0,27.0,mwc,122.9,-2.312,-77.838,Ecuador
583,"M 6.8 - 82 km NNE of Antofagasta, Chile",6.8,15-11-2007 15:05,6,7,0,716,us,285,0.0,40.1,mwc,26.0,-22.925,-70.237,Chile
584,"M 7.7 - 36 km ESE of Tocopilla, Chile",7.7,14-11-2007 15:40,8,7,0,995,us,610,0.0,22.4,mwc,40.0,-22.247,-69.89,Chile
585,"M 6.8 - 138 km W of Bengkulu, Indonesia",6.8,24-10-2007 21:02,3,5,0,713,us,494,0.0,23.9,mwc,21.0,-3.899,101.02,Indonesia
586,"M 6.8 - 70 km N of Te Anau, New Zealand",6.8,15-10-2007 12:29,4,7,0,744,us,338,0.0,19.0,mwc,18.0,-44.796,167.553,New Zealand
587,"M 6.8 - 154 km ESE of Kokopo, Papua New Guinea",6.8,26-09-2007 12:36,4,5,0,713,us,348,0.0,15.5,mwc,40.0,-4.99,153.5,Papua New Guinea
588,"M 6.7 - 118 km SSW of Padang, Indonesia",6.7,20-09-2007 08:31,3,5,0,696,us,503,0.0,26.9,mwc,30.0,-1.999,100.141,Indonesia
589,"M 7.0 - 153 km SSW of Padang, Indonesia",7.0,13-09-2007 03:35,4,7,0,768,us,537,0.0,23.1,mwc,22.0,-2.13,99.627,Indonesia
590,"M 6.5 - Kepulauan Mentawai region, Indonesia",6.5,13-09-2007 02:30,0,5,0,650,us,409,0.0,26.2,mwc,28.9,-1.689,99.668,Indonesia
591,"M 7.9 - 87 km SW of Sungai Penuh, Indonesia",7.9,12-09-2007 23:49,8,7,0,1133,us,446,0.0,29.1,mwc,35.0,-2.625,100.841,Indonesia
592,"M 7.8 - 148 km WSW of Sungai Penuh, Indonesia",7.8,12-09-2007 23:49,7,8,0,1152,duputel,0,0.0,0.0,mww,40.5,-2.52,100.139,Indonesia
593,"M 8.4 - 122 km SW of Bengkulu, Indonesia",8.4,12-09-2007 11:10,0,6,0,1086,official,411,0.0,32.3,mww,34.0,-4.438,101.367,Indonesia
594,"M 6.8 - 39 km WNW of Timbiquí, Colombia",6.8,10-09-2007 01:49,5,6,0,747,us,653,0.0,17.6,mwc,15.0,2.966,-77.963,Colombia
597,"M 8.0 - 41 km SW of San Vicente de Cañete, Peru",8.0,15-08-2007 23:40,9,8,0,1385,us,625,0.0,25.7,mwc,39.0,-13.386,-76.603,Peru
598,"M 7.5 - 35 km NNE of Rengasdengklok, Indonesia",7.5,08-08-2007 17:05,0,5,0,865,us,228,0.0,30.7,mwc,280.0,-5.859,107.419,Indonesia
599,"M 7.2 - 56 km E of Luganville, Vanuatu",7.2,01-08-2007 17:08,7,7,0,803,us,494,0.0,20.4,mwb,120.0,-15.595,167.68,Vanuatu
600,"M 6.9 - 140 km NNW of Tobelo, Indonesia",6.9,26-07-2007 05:40,3,5,0,734,us,374,0.0,24.1,mwb,25.0,2.872,127.464,Indonesia
602,"M 6.6 - 20 km NNW of Kashiwazaki, Japan",6.6,16-07-2007 01:13,8,8,0,831,us,782,0.0,16.7,mwc,12.0,37.535,138.446,Japan
604,"M 6.9 - 113 km SSE of Panguna, Papua New Guinea",6.9,01-04-2007 21:11,0,7,0,732,us,305,0.0,15.3,mwc,10.0,-7.306,155.741,Solomon Islands
605,"M 6.6 - 99 km SSE of Panguna, Papua New Guinea",6.6,01-04-2007 20:47,0,7,0,670,us,251,0.0,16.0,mb,10.0,-7.169,155.777,Solomon Islands
606,"M 8.1 - 45 km SSE of Gizo, Solomon Islands",8.1,01-04-2007 20:39,9,8,0,1025,us,439,0.0,14.7,mwc,24.0,-8.466,157.043,Solomon Islands
607,"M 6.7 - 46 km NW of Nanao, Japan",6.7,25-03-2007 00:41,7,8,0,782,us,493,0.0,23.9,mwc,8.0,37.336,136.588,Japan
609,"M 6.7 - 206 km SSW of Sofifi, Indonesia",6.7,20-02-2007 08:04,0,6,0,691,us,253,0.0,40.3,mwc,12.0,-1.034,126.976,Indonesia
610,"M 7.5 - 126 km WNW of Ternate, Indonesia",7.5,21-01-2007 11:27,6,5,0,874,us,570,0.0,21.6,mwc,22.0,1.065,126.282,Indonesia
612,"M 6.9 - 26 km W of Hengchun, Taiwan",6.9,26-12-2006 12:34,6,7,0,798,us,466,0.0,31.6,mwc,10.0,21.974,120.493,Taiwan
613,"M 7.1 - 30 km SW of Hengchun, Taiwan",7.1,26-12-2006 12:26,8,7,0,1023,us,744,0.0,29.1,mwb,10.0,21.799,120.547,Taiwan
616,"M 6.7 - 52 km SW of San Vicente de Cañete, Peru",6.7,20-10-2006 10:48,5,6,0,732,us,444,0.0,53.4,mwc,23.0,-13.457,-76.677,Peru
617,"M 6.7 - 100 km ESE of Kimbe, Papua New Guinea",6.7,17-10-2006 01:25,5,6,0,692,us,533,0.0,15.6,mwc,32.0,-5.881,150.982,Papua New Guinea
618,"M 6.7 - 14 km SW of Puako, Hawaii",6.7,15-10-2006 17:07,8,9,0,1481,hv,43,0.0,124.0,md,38.182,19.877,-155.935,United States of America
620,"M 6.8 - 49 km S of Panguna, Papua New Guinea",6.8,01-09-2006 10:18,0,6,0,711,us,459,0.0,28.4,mwb,38.0,-6.759,155.512,Papua New Guinea
621,"M 6.5 - 81 km ESE of Ozernovskiy, Russia",6.5,24-08-2006 21:50,0,6,0,650,us,700,0.0,47.4,mwb,43.0,51.148,157.522,Russia
622,"M 6.8 - 51 km NE of Norsup, Vanuatu",6.8,07-08-2006 22:18,5,5,0,713,us,551,0.0,26.2,mwb,150.0,-15.798,167.789,Vanuatu
624,"M 6.5 - 111 km E of Kimbe, Papua New Guinea",6.5,28-05-2006 03:12,0,6,0,650,us,477,0.0,20.3,mwc,34.0,-5.724,151.133,Papua New Guinea
625,"M 6.6 - 42 km NNW of Tilichiki, Russia",6.6,22-05-2006 11:12,0,7,0,670,us,548,0.0,28.0,mwc,19.0,60.772,165.743,Russia
629,"M 6.5 - 73 km WNW of Copiapó, Chile",6.5,30-04-2006 21:40,7,7,0,653,us,282,0.0,46.3,mwc,12.0,-27.211,-71.056,Chile
630,"M 6.7 - 78 km WNW of Copiapó, Chile",6.7,30-04-2006 19:17,6,7,0,696,us,277,0.0,25.6,mwb,12.0,-27.017,-71.022,Chile
631,"M 6.6 - 80 km E of Tilichiki, Russia",6.6,29-04-2006 16:58,0,8,0,670,us,645,0.0,28.4,mwc,11.0,60.491,167.516,Russia
632,"M 7.6 - 80 km NE of Tilichiki, Russia",7.6,20-04-2006 23:25,0,8,0,889,us,579,0.0,18.5,mwc,22.0,60.949,167.089,Russia
634,"M 6.7 - 108 km W of Ambon, Indonesia",6.7,14-03-2006 06:57,0,7,0,691,us,306,0.0,21.3,mwb,30.1,-3.595,127.214,Indonesia
635,"M 7.0 - 160 km SE of Chipinge, Zimbabwe",7.0,22-02-2006 22:19,5,9,0,891,us,412,0.0,23.2,mwb,11.0,-21.324,33.583,Mozambique
636,"M 6.7 - 26 km NE of Kýthira, Greece",6.7,08-01-2006 11:34,7,6,0,934,us,769,0.0,19.7,mwb,66.0,36.311,23.212,Greece
638,"M 6.5 - 53 km SW of Ashk?sham, Afghanistan",6.5,12-12-2005 21:47,6,5,0,721,us,529,0.0,20.5,mwb,224.6,36.357,71.093,Afghanistan
639,"M 6.8 - 76 km ESE of Kalemie, Democratic Republic of the Congo",6.8,05-12-2005 12:19,5,7,0,744,us,561,0.0,20.0,mwc,22.0,-6.224,29.83,Tanzania
641,"M 6.5 - 57 km SE of Sinabang, Indonesia",6.5,19-11-2005 14:10,3,6,0,651,us,358,0.0,20.7,mwb,21.0,2.164,96.786,Indonesia
642,"M 6.8 - 68 km NNE of San Pedro de Atacama, Chile",6.8,17-11-2005 19:26,0,6,0,711,us,509,0.0,30.1,mwb,147.0,-22.361,-67.895,Bolivia
643,"M 7.6 - 21 km NNE of Muzaffar?b?d, Pakistan",7.6,08-10-2005 03:50,9,9,0,1267,us,724,0.0,21.1,mwc,26.0,34.539,73.588,Pakistan
644,"M 6.6 - 129 km SSW of Kokopo, Papua New Guinea",6.6,29-09-2005 15:50,0,6,0,670,us,402,0.0,17.7,mwc,25.0,-5.437,151.84,Papua New Guinea
645,"M 7.5 - 39 km NW of Yurimaguas, Peru",7.5,26-09-2005 01:55,8,7,0,1018,us,696,0.0,26.2,mwb,115.0,-5.678,-76.398,Peru
646,"M 7.6 - 135 km E of Kokopo, Papua New Guinea",7.6,09-09-2005 07:26,5,7,0,891,us,502,0.0,20.0,mwc,90.0,-4.539,153.474,Papua New Guinea
649,"M 6.7 - 94 km WSW of Singkil, Indonesia",6.7,05-07-2005 01:52,3,6,0,693,us,398,0.0,22.3,mwc,21.0,1.819,97.082,Indonesia
652,"M 7.8 - 102 km ENE of Iquique, Chile",7.8,13-06-2005 22:44,8,7,0,1020,us,714,0.0,16.1,mwb,115.6,-19.987,-69.197,Chile
653,"M 6.9 - 89 km WSW of Singkil, Indonesia",6.9,19-05-2005 01:54,5,7,0,740,us,635,0.0,26.0,mwc,30.0,1.989,97.041,Indonesia
654,"M 6.7 - 125 km SW of Padangsidempuan, Indonesia",6.7,14-05-2005 05:05,6,5,0,731,us,695,0.0,20.9,mwb,34.0,0.587,98.459,Indonesia
655,"M 6.5 - 106 km SW of Padang, Indonesia",6.5,10-04-2005 11:14,3,6,0,657,us,478,0.0,21.2,mwc,30.0,-1.714,99.779,Indonesia
656,"M 6.7 - 113 km SW of Padang, Indonesia",6.7,10-04-2005 10:29,5,6,0,717,us,656,0.0,21.2,mwc,19.0,-1.644,99.607,Indonesia
657,"M 8.6 - 78 km WSW of Singkil, Indonesia",8.6,28-03-2005 16:09,0,8,0,1138,official,510,0.0,22.1,mww,30.0,2.085,97.108,Indonesia
658,"M 6.6 - 28 km NNW of Maebaru-ch??, Japan",6.6,20-03-2005 01:53,8,7,0,805,us,401,0.0,22.9,mwc,10.0,33.807,130.131,Japan
659,M 7.1 - Banda Sea,7.1,02-03-2005 10:42,0,5,0,776,us,569,0.0,18.1,mwb,201.7,-6.527,129.933,Indonesia
660,"M 6.8 - 99 km WNW of Sinabang, Indonesia",6.8,26-02-2005 12:56,0,6,0,711,us,444,0.0,33.8,mwb,36.0,2.908,95.592,Indonesia
661,"M 6.5 - 81 km SSW of Katabu, Indonesia",6.5,19-02-2005 00:04,0,7,0,650,us,371,0.0,31.8,mwb,10.0,-5.562,122.129,Indonesia
662,"M 6.5 - Pulau-Pulau Talaud, Indonesia",6.5,15-02-2005 14:42,3,5,0,652,us,286,0.0,47.3,mwc,39.7,4.756,126.421,Indonesia
663,"M 6.7 - 52 km SW of Sola, Vanuatu",6.7,08-02-2005 14:48,0,4,0,691,us,457,0.0,30.2,mwb,206.3,-14.252,167.259,Vanuatu
668,M 9.1 - 2004 Sumatra - Andaman Islands Earthquake,9.1,26-12-2004 00:58,0,8,0,1274,official,601,0.0,22.0,mw,30.0,3.295,95.982,Indonesia
671,"M 6.8 - 54 km SSW of Nemuro, Japan",6.8,06-12-2004 14:15,4,7,0,724,us,759,0.0,23.6,mwb,35.0,42.9,145.228,Japan
672,"M 7.0 - 51 km SW of Nemuro, Japan",7.0,28-11-2004 18:32,4,7,0,771,us,929,0.0,23.9,mwb,39.0,43.006,145.119,Japan
673,"M 7.1 - 29 km SSW of Nabire, Indonesia",7.1,26-11-2004 02:25,0,7,0,776,us,439,0.0,28.8,mwc,10.0,-3.609,135.404,Indonesia
675,"M 7.2 - 32 km SSW of Pizarro, Colombia",7.2,15-11-2004 09:06,8,8,0,820,us,708,0.0,50.2,mwb,15.0,4.695,-77.508,Colombia
676,"M 7.5 - 63 km NW of Maubara, Timor Leste",7.5,11-11-2004 21:26,5,7,0,870,us,301,0.0,33.8,mwc,10.0,-8.152,124.868,Indonesia
679,"M 6.6 - 8 km SSW of Ojiya, Japan",6.6,23-10-2004 08:56,0,8,0,670,us,782,0.0,37.0,mwc,16.0,37.226,138.779,Japan
682,"M 6.5 - 9 km W of Talisay, Philippines",6.5,08-10-2004 14:36,5,5,0,665,us,526,0.0,18.3,mwb,105.0,13.925,120.534,Philippines
683,"M 6.8 - 60 km SSE of Kirakira, Solomon Islands",6.8,08-10-2004 08:27,0,6,0,711,us,545,0.0,15.7,mwb,36.0,-10.951,162.161,Solomon Islands
687,"M 6.5 - 67 km ESE of Teno, Chile",6.5,28-08-2004 13:41,0,7,0,650,us,349,0.0,30.1,mwb,5.0,-35.173,-70.525,Chile
688,"M 6.5 - 117 km WNW of Manokwari, Indonesia",6.5,28-07-2004 03:56,0,7,0,650,us,305,0.0,39.0,mwc,13.4,-0.443,133.091,Indonesia
689,"M 6.9 - 24 km ENE of Atlasovo, Russia",6.9,10-06-2004 15:19,0,5,0,732,us,798,0.0,31.2,mwb,188.6,55.682,160.003,Russia
690,"M 6.6 - 11 km N of Cañete, Chile",6.6,03-05-2004 04:36,0,7,0,670,us,282,0.0,46.9,mwb,21.0,-37.695,-73.406,Chile
691,"M 6.7 - 105 km WNW of Naisano Dua, Indonesia",6.7,23-04-2004 01:50,0,5,0,691,us,386,0.0,27.6,mwb,65.8,-9.362,122.839,Indonesia
692,"M 6.5 - 86 km NNW of Sola, Vanuatu",6.5,09-04-2004 15:23,0,4,0,650,us,424,0.0,29.9,mwb,228.4,-13.174,167.198,Vanuatu
693,M 6.6 - Afghanistan-Tajikistan-Pakistan region,6.6,05-04-2004 21:24,0,4,0,670,us,728,0.0,18.3,mwb,187.1,36.512,71.029,Afghanistan
694,"M 6.7 - 38 km SSW of Nabire, Indonesia",6.7,08-02-2004 08:58,0,7,0,691,us,256,0.0,33.3,mwc,25.7,-3.665,135.339,Indonesia
695,"M 7.3 - Near the south coast of Papua, Indonesia",7.3,07-02-2004 02:42,0,7,0,820,us,390,0.0,23.0,mwb,10.0,-4.003,135.023,Indonesia
696,"M 7.0 - 28 km S of Nabire, Indonesia",7.0,05-02-2004 21:05,0,7,0,754,us,367,0.0,33.0,mwc,16.6,-3.615,135.538,Indonesia
697,"M 6.7 - 107 km NW of Ambon, Indonesia",6.7,28-01-2004 22:15,0,6,0,691,us,243,0.0,42.5,mwb,17.4,-3.12,127.4,Indonesia
699,"M 6.6 - 13 km SSW of Bam, Iran",6.6,26-12-2003 01:56,0,9,0,670,us,552,0.0,44.8,mwc,10.0,28.995,58.311,Iran
700,"M 6.5 - 3 km SSE of Progreso, Panama",6.5,25-12-2003 07:11,0,6,0,650,us,405,0.0,48.4,mwb,33.0,8.416,-82.824,Panama
701,"M 6.5 - 10 km NE of San Simeon, California",6.5,22-12-2003 19:15,7,9,0,1390,nc,65,0.04685,71.0,mw,8.382,35.7005,-121.101,United States of America
702,"M 6.8 - 92 km E of Yujing, Taiwan",6.8,10-12-2003 04:38,0,7,0,711,us,447,0.0,27.7,mwb,10.0,23.039,121.362,Taiwan
703,"M 6.6 - 82 km E of Kimbe, Papua New Guinea",6.6,25-11-2003 20:19,0,6,0,670,us,384,0.0,25.1,mwb,35.0,-5.581,150.88,Papua New Guinea
704,"M 6.5 - 4 km NW of Can-Avid, Philippines",6.5,18-11-2003 17:14,0,6,0,650,us,487,0.0,45.9,mwb,35.0,12.025,125.416,Philippines
708,"M 6.7 - 9 km S of Aktash, Russia",6.7,01-10-2003 01:03,0,7,0,691,us,643,0.0,24.5,mwb,10.0,50.211,87.721,Russia
710,"M 7.3 - 29 km S of Aktash, Russia",7.3,27-09-2003 11:33,0,7,0,820,us,667,0.0,24.5,mwb,16.0,50.038,87.813,Russia
713,"M 6.6 - 16 km SE of Taungdwingyi, Myanmar",6.6,21-09-2003 18:16,0,7,0,670,us,518,0.0,24.7,mwb,10.0,19.917,95.672,Myanmar
714,"M 7.2 - 56 km NW of Te Anau, New Zealand",7.2,21-08-2003 12:12,0,7,0,798,us,428,0.0,17.5,mwc,28.0,-45.104,167.144,New Zealand
715,M 7.6 - Scotia Sea,7.6,04-08-2003 04:37,0,6,0,889,us,315,0.0,25.2,mwc,10.0,-60.532,-43.411,United Kingdom of Great Britain and Northern Ireland (the)
716,"M 6.5 - 41 km N of Rabaul, Papua New Guinea",6.5,15-07-2003 18:46,0,6,0,650,us,156,0.0,31.4,mwb,33.0,-3.828,152.174,Papua New Guinea
717,"M 6.8 - 42 km W of Ovalle, Chile",6.8,20-06-2003 13:30,0,7,0,711,us,398,0.0,39.1,mwc,33.0,-30.608,-71.637,Chile
718,"M 6.9 - 25 km ESE of Atlasovo, Russia",6.9,16-06-2003 22:08,0,5,0,732,us,733,0.0,26.7,mwb,174.8,55.492,159.999,Russia
719,"M 6.6 - 87 km SSE of Kokopo, Papua New Guinea",6.6,07-06-2003 00:32,0,6,0,670,us,419,0.0,27.8,mwc,33.0,-5.095,152.502,Papua New Guinea
720,"M 7.0 - 116 km NE of Tobelo, Indonesia",7.0,26-05-2003 19:23,0,6,0,754,us,473,0.0,30.3,mwc,31.0,2.354,128.855,Indonesia
721,"M 7.0 - 27 km SSW of ?funato, Japan",7.0,26-05-2003 09:24,0,7,0,754,us,690,0.0,19.1,mwb,68.0,38.849,141.568,Japan
722,"M 6.8 - 25 km WNW of Dellys, Algeria",6.8,21-05-2003 18:44,0,9,0,711,us,534,0.0,19.4,mwc,12.0,36.964,3.634,Algeria
723,"M 6.5 - 46 km NE of Ruteng, Indonesia",6.5,25-03-2003 02:53,0,7,0,650,us,247,0.0,28.7,mwc,33.0,-8.294,120.743,Indonesia
724,"M 6.8 - 114 km ESE of Kokopo, Papua New Guinea",6.8,11-03-2003 07:27,0,7,0,711,us,431,0.0,38.4,mwc,40.2,-4.694,153.238,Papua New Guinea
725,"M 7.6 - 16 km SSW of Cuyutlán, Mexico",7.6,22-01-2003 02:06,0,7,0,889,us,551,0.0,0.0,mwb,24.0,18.77,-104.104,Mexico
729,"M 6.7 - New Ireland region, Papua New Guinea",6.7,12-12-2002 08:30,0,6,0,691,us,453,0.0,0.0,mwb,34.0,-4.786,153.275,Papua New Guinea
730,"M 7.9 - 75 km E of Cantwell, Alaska",7.9,03-11-2002 22:12,8,9,0,1750,ak,0,0.0,0.0,mw,4.2,63.5141,-147.453,United States of America
731,"M 7.4 - 50 km NW of Sinabang, Indonesia",7.4,02-11-2002 01:26,0,7,0,842,us,418,0.0,0.0,mwb,30.0,2.824,96.085,Indonesia
732,"M 6.6 - 53 km ENE of Cantwell, Alaska",6.6,23-10-2002 11:27,0,7,0,670,ak,0,0.0,0.0,mw,4.2,63.5144,-147.912,United States of America
733,"M 6.7 - 72 km S of Manokwari, Indonesia",6.7,10-10-2002 12:28,0,7,0,691,us,250,0.0,0.0,ms,10.0,-1.511,133.973,Indonesia
734,"M 7.6 - 102 km SSE of Manokwari, Indonesia",7.6,10-10-2002 10:50,0,7,0,889,us,375,0.0,0.0,mwc,10.0,-1.757,134.297,Indonesia
735,"M 6.5 - 152 km NNE of Bamboo Flat, India",6.5,13-09-2002 22:28,0,6,0,650,us,646,0.0,0.0,mwc,21.0,13.036,93.068,India
736,"M 7.6 - 68 km ESE of Aitape, Papua New Guinea",7.6,08-09-2002 18:44,0,7,0,889,us,428,0.0,0.0,mwc,13.0,-3.302,142.945,Papua New Guinea
738,"M 6.5 - 14 km SE of Punta de Burica, Panama",6.5,31-07-2002 00:16,0,7,0,650,us,533,0.0,0.0,mwc,10.0,7.929,-82.793,Panama
739,"M 6.5 - 59 km SSW of Abhar, Iran",6.5,22-06-2002 02:58,0,8,0,650,us,555,0.0,0.0,mwc,10.0,35.626,49.047,Iran
740,"M 6.6 - 20 km SW of Monte Patria, Chile",6.6,18-06-2002 13:56,0,7,0,670,us,420,0.0,0.0,mwb,54.0,-30.805,-71.124,Chile
742,"M 7.1 - 20 km SSW of Merizo Village, Guam",7.1,26-04-2002 16:06,0,7,0,776,us,257,0.0,0.0,mwc,85.7,13.088,144.619,United States of America
743,"M 6.7 - 31 km SW of Copiapó, Chile",6.7,18-04-2002 16:08,0,7,0,691,us,462,0.0,0.0,mwb,62.0,-27.535,-70.586,Chile
746,"M 6.5 - 107 km NE of Calama, Chile",6.5,28-03-2002 04:56,0,5,0,650,us,486,0.0,0.0,mwc,125.1,-21.663,-68.329,Chile
747,"M 7.5 - Mindanao, Philippines",7.5,05-03-2002 21:16,0,7,0,865,us,321,0.0,0.0,mwc,31.0,6.033,124.249,Philippines
748,"M 7.4 - 51 km SW of Jurm, Afghanistan",7.4,03-03-2002 12:08,0,5,0,842,us,138,0.0,0.0,mwc,225.6,36.502,70.482,Afghanistan
749,"M 6.6 - 125 km E of Kimbe, Papua New Guinea",6.6,05-02-2002 13:27,0,6,0,670,us,444,0.0,0.0,mwc,39.0,-5.345,151.248,Papua New Guinea
750,"M 6.5 - 5 km NE of Sultanda??, Turkey",6.5,03-02-2002 07:11,0,7,0,650,us,482,0.0,0.0,mwc,5.0,38.573,31.271,Turkey
751,"M 6.7 - 11 km SE of Aitape, Papua New Guinea",6.7,10-01-2002 11:14,0,8,0,691,us,333,0.0,0.0,mwc,11.0,-3.212,142.427,Papua New Guinea
752,"M 6.6 - 33 km WNW of Port-Vila, Vanuatu",6.6,03-01-2002 10:17,0,6,0,670,us,386,0.0,0.0,mwc,10.0,-17.664,168.004,Vanuatu
753,"M 7.2 - 50 km WNW of Port-Vila, Vanuatu",7.2,02-01-2002 17:22,0,6,0,798,us,427,0.0,0.0,mwc,21.0,-17.6,167.856,Vanuatu
754,"M 6.8 - 22 km WNW of Malango, Solomon Islands",6.8,23-12-2001 22:52,0,7,0,711,us,385,0.0,0.0,mwc,16.0,-9.613,159.53,Solomon Islands
756,"M 6.5 - 3 km NW of Hanamaki, Japan",6.5,02-12-2001 13:01,0,5,0,650,us,605,0.0,0.0,mwc,123.8,39.402,141.089,Japan
757,"M 7.8 - Southern Qinghai, China",7.8,14-11-2001 09:26,0,9,0,936,us,368,0.0,0.0,mwc,10.0,35.946,90.541,People's Republic of China
758,"M 7.0 - 40 km S of Kimbe, Papua New Guinea",7.0,31-10-2001 09:10,0,7,0,754,us,254,0.0,0.0,mwc,33.0,-5.912,150.196,Papua New Guinea
759,"M 7.5 - 155 km E of Kendari, Indonesia",7.5,19-10-2001 03:28,0,6,0,865,us,234,0.0,0.0,mwc,33.0,-4.102,123.907,Indonesia
761,"M 6.5 - 108 km WNW of Manokwari, Indonesia",6.5,11-09-2001 14:56,0,6,0,650,us,174,0.0,0.0,mwc,33.0,-0.578,133.13,Indonesia
762,"M 6.6 - 74 km S of Kokhanok, Alaska",6.6,28-07-2001 07:32,6,6,0,754,ak,0,0.0,0.0,mw,131.8,58.775,-154.701,United States of America
763,"M 6.5 - 32 km WNW of Skýros, Greece",6.5,26-07-2001 00:21,0,8,0,650,us,483,0.0,0.0,mwc,10.0,39.059,24.244,Greece
764,"M 7.6 - 51 km SW of Punta de Bombón, Peru",7.6,07-07-2001 09:38,0,7,0,889,us,398,0.0,0.0,mwc,33.0,-17.543,-72.077,Peru
765,"M 6.6 - 31 km S of Achanizo, Peru",6.6,05-07-2001 13:53,0,7,0,670,us,324,0.0,0.0,mwc,62.0,-16.086,-73.987,Peru
766,"M 6.7 - 34 km WSW of Pacocha, Peru",6.7,26-06-2001 04:18,0,6,0,691,us,422,0.0,0.0,mwc,24.0,-17.745,-71.649,Peru
767,"M 8.4 - 6 km SSW of Atico, Peru",8.4,23-06-2001 20:33,0,8,0,1086,official,518,0.0,0.0,mww,33.0,-16.265,-73.641,Peru
768,"M 6.7 - 128 km SSE of Panguna, Papua New Guinea",6.7,19-04-2001 21:43,0,6,0,691,us,282,0.0,0.0,mwc,17.0,-7.41,155.865,Solomon Islands
769,"M 6.8 - 16 km SSW of Kure, Japan",6.8,24-03-2001 06:27,0,7,0,711,us,596,0.0,0.0,mwc,50.0,34.083,132.526,Japan
770,"M 6.5 - 41 km SSW of Ambon, Indonesia",6.5,19-03-2001 05:52,0,6,0,650,us,206,0.0,0.0,mwc,33.0,-4.029,128.02,Indonesia
771,"M 6.8 - 7 km SSE of Longbranch, Washington",6.8,28-02-2001 18:54,7,7,0,1441,uw,67,0.0,31.0,md,51.798,47.149,-122.727,United States of America
772,"M 7.1 - 137 km WNW of Ternate, Indonesia",7.1,24-02-2001 07:23,0,7,0,776,us,426,0.0,0.0,mwc,35.0,1.271,126.249,Indonesia
773,"M 7.4 - 102 km SSE of Bengkulu, Indonesia",7.4,13-02-2001 19:28,0,6,0,842,us,221,0.0,0.0,mwc,36.0,-4.68,102.562,Indonesia
774,"M 6.6 - 5 km S of Cojutepeque, El Salvador",6.6,13-02-2001 14:22,0,8,0,670,us,273,0.0,0.0,mwc,10.0,13.671,-88.938,El Salvador
775,"M 7.7 - 17 km NW of Bhach?u, India",7.7,26-01-2001 03:16,0,9,0,912,us,472,0.0,0.0,mwc,16.0,23.419,70.232,India
776,"M 6.9 - 59 km WSW of Bengkulu, Indonesia",6.9,16-01-2001 13:25,0,6,0,732,us,117,0.0,0.0,mwb,28.0,-4.022,101.776,Indonesia
779,"M 7.1 - 16 km NE of Port-Olry, Vanuatu",7.1,09-01-2001 16:49,0,7,0,776,us,372,0.0,0.0,mwb,103.0,-14.928,167.17,Vanuatu
781,"M 7.5 - 21 km SE of Lukatan, Philippines",7.5,01-01-2001 06:57,0,7,0,865,us,324,0.0,0.0,mwc,33.0,6.898,126.579,Philippines
